<?xml version="1.0" encoding="UTF-8"?><?xml-stylesheet type='text/xsl' href='_UpgradeReport_Files/UpgradeReport.xslt'?><UpgradeLog>
<Properties><Property Name="Solution" Value="office">
</Property><Property Name="Solution File" Value="C:\xampp\htdocs\College Management System\College Managment System\New Folder\office.sln">
</Property><Property Name="Date" Value="07 June 2023">
</Property><Property Name="Time" Value="15:53">
</Property></Properties><Event ErrorLevel="4" Project="office" Source="http://go.microsoft.com/fwlink/?LinkId=159919" Description="Warning: this project requires Crystal Reports, which is no longer included with Visual Studio. Please click here for more information.">
</Event><Event ErrorLevel="0" Project="office" Source="office.vbproj" Description="Project converted successfully">
</Event><Event ErrorLevel="3" Project="office" Source="office.vbproj" Description="Converted">
</Event><Event ErrorLevel="0" Project="TestProject1" Source="TestProject1\TestProject1.vbproj" Description="Project converted successfully">
</Event><Event ErrorLevel="3" Project="TestProject1" Source="TestProject1\TestProject1.vbproj" Description="Converted">
</Event><Event ErrorLevel="0" Project="" Source="office.sln" Description="Solution converted successfully">
</Event><Event ErrorLevel="3" Project="" Source="office.sln" Description="Converted">
</Event><Event ErrorLevel="0" Project="office" Source="office.vbproj" Description="Scan complete: Upgrade not required for project files.">
</Event><Event ErrorLevel="3" Project="" Source="LocalTestRun.testrunconfig" Description="Converted">
</Event><Event ErrorLevel="0" Project="" Source="LocalTestRun.testrunconfig" Description="The file was converted to the current format.">
</Event><Event ErrorLevel="3" Project="" Source="office.vsmdi" Description="Converted">
</Event><Event ErrorLevel="0" Project="" Source="office.vsmdi" Description="The file was converted to the current format.">
</Event><Event ErrorLevel="3" Project="TestProject1" Source="TestProject1\OrderedTest1.orderedtest" Description="Converted">
</Event><Event ErrorLevel="0" Project="TestProject1" Source="TestProject1\OrderedTest1.orderedtest" Description="The file was converted to the current format.">
</Event><Event ErrorLevel="0" Project="TestProject1" Source="TestProject1\TestProject1.vbproj" Description="Scan complete: Upgrade not required for project files.">
</Event></UpgradeLog>